user_id,cluster
Aidan Ali,3
Aidan Foo,3
Aidan Singh,3
Aidan Wong,3
Aidan Zhang,3
Aisyah Abdullah,0
Aisyah Ahmad,0
Aisyah Ali,2
Aisyah Chen,4
Aisyah Chong,0
Aisyah Foo,0
Aisyah Goh,4
Aisyah Gupta,4
Aisyah Hassan,2
Aisyah Heng,0
Aisyah Huang,2
Aisyah Ibrahim,2
Aisyah Ismail,2
Aisyah Joshi,2
Aisyah Kumar,0
Aisyah Lim,4
Aisyah Liu,0
Aisyah Low,0
Aisyah Mehta,2
Aisyah Nair,0
Aisyah Ng,4
Aisyah Ong,2
Aisyah Patel,0
Aisyah Rahman,4
Aisyah Raj,0
Aisyah Razak,2
Aisyah Seow,2
Aisyah Shah,2
Aisyah Sharma,4
Aisyah Sia,0
Aisyah Singh,0
Aisyah Soh,4
Aisyah Tan,4
Aisyah Tay,2
Aisyah Wang,2
Aisyah Wee,0
Aisyah Wu,4
Aisyah Xu,4
Aisyah Yang,4
Aisyah Yeo,4
Aisyah Yusof,4
Aisyah Zhang,2
Aisyah Zhao,2
Alyssa Rahman,3
Alyssa Soh,3
Alyssa Teo,3
Alyssa Wang,3
Alyssa Wong,3
Amalina Chen,3
Amalina Ismail,3
Amalina Lee,3
Amalina Ng,3
Amalina Omar,3
Amalina Rahman,3
Amalina Wong,3
Amalina Zhao,3
Amirah Abdullah,1
Amirah Brown,3
Amirah Chen,3
Amirah Chong,1
Amirah Davis,1
Amirah Goh,3
Amirah Hassan,1
Amirah Kumar,3
Amirah Lim,3
Amirah Low,3
Amirah Mehta,1
Amirah Omar,1
Amirah Sharma,1
Amirah Sia,3
Amirah Soh,1
Amirah Tan,3
Amirah Tay,1
Amirah Wee,3
Amirah Wu,1
Amirah Zhao,1
Amirah Zhou,1
Ananya Ahmad,4
Ananya Ali,2
Ananya Chen,4
Ananya Chong,2
Ananya Goh,2
Ananya Gupta,2
Ananya Hassan,0
Ananya Heng,0
Ananya Ho,2
Ananya Huang,4
Ananya Ibrahim,0
Ananya Ismail,0
Ananya Joshi,0
Ananya Koh,2
Ananya Kumar,0
Ananya Lim,0
Ananya Liu,2
Ananya Low,4
Ananya Mehta,2
Ananya Ng,0
Ananya Omar,4
Ananya Ong,0
Ananya Patel,0
Ananya Rahman,0
Ananya Shah,2
Ananya Sharma,0
Ananya Sia,2
Ananya Singh,0
Ananya Soh,4
Ananya Tan,2
Ananya Teo,2
Ananya Wang,0
Ananya Wee,0
Ananya Wong,2
Ananya Wu,2
Ananya Xu,0
Ananya Yang,4
Ananya Yeo,0
Ananya Zhang,4
Ananya Zhao,0
Ananya Zhou,2
Andrea Abdullah,1
Andrea Ahmad,1
Andrea Ali,1
Andrea Brown,3
Andrea Chong,3
Andrea Garcia,1
Andrea Goh,1
Andrea Gupta,3
Andrea Huang,1
Andrea Joshi,3
Andrea Mehta,1
Andrea Miller,1
Andrea Omar,1
Andrea Patel,3
Andrea Sia,1
Andrea Singh,1
Andrea Soh,3
Andrea Teo,3
Andrea Wang,3
Andrea Wong,3
Andrea Yang,3
Andrea Yeo,3
Andrea Zhao,1
Aqil Abdullah,2
Aqil Ahmad,0
Aqil Chen,4
Aqil Chong,2
Aqil Foo,2
Aqil Goh,0
Aqil Gupta,2
Aqil Hassan,0
Aqil Heng,4
Aqil Huang,2
Aqil Ibrahim,4
Aqil Ismail,4
Aqil Joshi,0
Aqil Koh,0
Aqil Kumar,0
Aqil Lee,4
Aqil Lim,0
Aqil Liu,2
Aqil Low,0
Aqil Mehta,0
Aqil Nair,0
Aqil Ng,2
Aqil Omar,0
Aqil Ong,2
Aqil Rahman,2
Aqil Raj,2
Aqil Razak,0
Aqil Shah,0
Aqil Sharma,2
Aqil Sia,0
Aqil Singh,4
Aqil Soh,0
Aqil Tan,0
Aqil Tay,0
Aqil Wang,4
Aqil Wee,4
Aqil Wong,4
Aqil Wu,2
Aqil Xu,0
Aqil Yang,2
Aqil Yeo,2
Aqil Yusof,0
Aqil Zhang,4
Aqil Zhao,2
Aqilah Abdullah,0
Aqilah Ahmad,2
Aqilah Ali,4
Aqilah Chen,4
Aqilah Chong,0
Aqilah Foo,4
Aqilah Goh,0
Aqilah Gupta,0
Aqilah Hassan,4
Aqilah Heng,0
Aqilah Ho,4
Aqilah Huang,0
Aqilah Ibrahim,4
Aqilah Ismail,2
Aqilah Joshi,0
Aqilah Koh,4
Aqilah Kumar,2
Aqilah Lee,2
Aqilah Lim,4
Aqilah Liu,4
Aqilah Low,4
Aqilah Mehta,4
Aqilah Ng,4
Aqilah Omar,0
Aqilah Ong,0
Aqilah Patel,0
Aqilah Rahman,4
Aqilah Seow,0
Aqilah Shah,2
Aqilah Sharma,0
Aqilah Sia,4
Aqilah Singh,0
Aqilah Soh,4
Aqilah Tan,4
Aqilah Tay,4
Aqilah Teo,4
Aqilah Wang,0
Aqilah Wee,4
Aqilah Wong,4
Aqilah Wu,0
Aqilah Xu,2
Aqilah Yang,0
Aqilah Yeo,2
Aqilah Zhang,2
Aqilah Zhao,4
Aqilah Zhou,2
Avinash Abdullah,4
Avinash Ahmad,2
Avinash Ali,4
Avinash Chen,2
Avinash Chong,2
Avinash Foo,4
Avinash Goh,0
Avinash Gupta,0
Avinash Heng,0
Avinash Ho,4
Avinash Huang,2
Avinash Ibrahim,2
Avinash Ismail,0
Avinash Joshi,2
Avinash Koh,2
Avinash Kumar,2
Avinash Lee,0
Avinash Lim,4
Avinash Liu,2
Avinash Mehta,2
Avinash Ng,2
Avinash Omar,0
Avinash Patel,4
Avinash Seow,2
Avinash Shah,4
Avinash Sharma,2
Avinash Sia,0
Avinash Singh,4
Avinash Soh,2
Avinash Tan,2
Avinash Tay,4
Avinash Teo,4
Avinash Wee,4
Avinash Wong,0
Avinash Wu,2
Avinash Xu,0
Avinash Yang,4
Avinash Zhang,0
Avinash Zhao,2
Avinash Zhou,0
Benjamin Goh,3
Benjamin Ho,3
Benjamin Lee,3
Benjamin Yang,3
Benjamin Yeo,3
Bryan Brown,3
Bryan Chong,1
Bryan Foo,3
Bryan Hassan,1
Bryan Liu,1
Bryan Miller,1
Bryan Omar,3
Bryan Ong,1
Bryan Patel,1
Bryan Shah,3
Bryan Sharma,1
Bryan Singh,1
Bryan Soh,3
Bryan Tan,3
Bryan Tay,3
Bryan Teo,1
Bryan Williams,1
Bryan Wu,1
Bryan Zhang,3
Bryan Zhao,1
Bryan Zhou,3
Chandran Abdullah,0
Chandran Ahmad,2
Chandran Ali,2
Chandran Chen,4
Chandran Chong,0
Chandran Foo,0
Chandran Goh,4
Chandran Gupta,4
Chandran Hassan,2
Chandran Heng,4
Chandran Ibrahim,0
Chandran Ismail,0
Chandran Joshi,0
Chandran Koh,0
Chandran Kumar,2
Chandran Lee,4
Chandran Lim,0
Chandran Liu,0
Chandran Low,0
Chandran Mehta,2
Chandran Ng,2
Chandran Omar,4
Chandran Patel,2
Chandran Rahman,2
Chandran Seow,4
Chandran Shah,2
Chandran Sia,0
Chandran Singh,0
Chandran Soh,0
Chandran Tan,4
Chandran Tay,2
Chandran Teo,2
Chandran Wang,0
Chandran Wee,2
Chandran Wong,0
Chandran Wu,2
Chandran Xu,2
Chandran Yang,0
Chandran Yeo,2
Chandran Zhang,4
Chandran Zhao,2
Chandran Zhou,2
Chandrika Lim,3
Chandrika Ong,3
Chloe Abdullah,0
Chloe Ahmad,2
Chloe Chen,4
Chloe Chong,4
Chloe Foo,4
Chloe Goh,0
Chloe Gupta,2
Chloe Hassan,0
Chloe Heng,0
Chloe Ho,2
Chloe Huang,2
Chloe Ibrahim,2
Chloe Ismail,0
Chloe Joshi,0
Chloe Koh,0
Chloe Kumar,4
Chloe Lee,0
Chloe Liu,0
Chloe Low,2
Chloe Mehta,4
Chloe Omar,0
Chloe Ong,4
Chloe Patel,4
Chloe Rahman,2
Chloe Seow,0
Chloe Shah,0
Chloe Sharma,4
Chloe Sia,2
Chloe Singh,0
Chloe Soh,2
Chloe Tan,0
Chloe Tay,0
Chloe Teo,2
Chloe Wang,2
Chloe Wee,4
Chloe Wong,2
Chloe Xu,4
Chloe Yang,2
Chloe Yeo,2
Chloe Zhang,0
Chloe Zhao,2
Chloe Zhou,4
Clarence Abdullah,0
Clarence Ahmad,4
Clarence Ali,4
Clarence Chen,4
Clarence Chong,2
Clarence Foo,2
Clarence Goh,4
Clarence Gupta,4
Clarence Hassan,0
Clarence Heng,4
Clarence Ho,2
Clarence Huang,4
Clarence Ibrahim,0
Clarence Ismail,4
Clarence Joshi,0
Clarence Koh,4
Clarence Kumar,0
Clarence Lee,0
Clarence Lim,2
Clarence Liu,4
Clarence Mehta,2
Clarence Ng,0
Clarence Omar,2
Clarence Ong,2
Clarence Rahman,2
Clarence Seow,4
Clarence Shah,2
Clarence Sharma,0
Clarence Sia,0
Clarence Singh,0
Clarence Soh,4
Clarence Tan,0
Clarence Teo,4
Clarence Wang,4
Clarence Wee,2
Clarence Wong,2
Clarence Wu,0
Clarence Xu,4
Clarence Yang,0
Clarence Yeo,0
Clarence Zhang,0
Clarence Zhao,4
Clarence Zhou,0
Danial Abdullah,0
Danial Ahmad,4
Danial Ali,2
Danial Chen,2
Danial Chong,2
Danial Foo,4
Danial Goh,0
Danial Gupta,0
Danial Hassan,4
Danial Heng,0
Danial Ho,2
Danial Huang,0
Danial Ibrahim,4
Danial Joshi,2
Danial Kumar,0
Danial Lee,4
Danial Lim,4
Danial Liu,2
Danial Low,2
Danial Mehta,0
Danial Ng,4
Danial Omar,2
Danial Ong,0
Danial Patel,0
Danial Rahman,2
Danial Seow,2
Danial Shah,4
Danial Sharma,2
Danial Sia,0
Danial Singh,0
Danial Soh,4
Danial Tan,2
Danial Tay,0
Danial Teo,4
Danial Wang,2
Danial Wee,0
Danial Yang,4
Danial Yeo,2
Danial Zhang,0
Danial Zhou,0
Danish Abdullah,0
Danish Ahmad,4
Danish Ali,0
Danish Chen,2
Danish Chong,0
Danish Foo,0
Danish Goh,0
Danish Gupta,0
Danish Hassan,0
Danish Heng,2
Danish Huang,0
Danish Ibrahim,0
Danish Ismail,0
Danish Joshi,2
Danish Koh,4
Danish Kumar,0
Danish Lee,4
Danish Lim,0
Danish Liu,4
Danish Low,2
Danish Mehta,0
Danish Ng,4
Danish Omar,0
Danish Ong,4
Danish Patel,2
Danish Rahman,4
Danish Seow,0
Danish Shah,0
Danish Sharma,0
Danish Sia,4
Danish Singh,0
Danish Soh,2
Danish Tan,4
Danish Tay,0
Danish Teo,0
Danish Wang,0
Danish Wee,2
Danish Wong,4
Danish Wu,0
Danish Xu,0
Danish Yang,0
Danish Yeo,4
Danish Zhang,2
Danish Zhao,4
Danish Zhou,2
Darren Ahmad,3
Darren Ali,3
Darren Kumar,3
Darren Mehta,3
Darren Seow,3
Deepa Abdullah,2
Deepa Ahmad,0
Deepa Ali,4
Deepa Chen,2
Deepa Foo,0
Deepa Goh,2
Deepa Gupta,0
Deepa Hassan,4
Deepa Heng,2
Deepa Ho,4
Deepa Huang,4
Deepa Ibrahim,2
Deepa Ismail,0
Deepa Joshi,2
Deepa Koh,2
Deepa Kumar,2
Deepa Lim,2
Deepa Liu,4
Deepa Low,2
Deepa Mehta,2
Deepa Ng,0
Deepa Omar,0
Deepa Patel,0
Deepa Rahman,2
Deepa Seow,2
Deepa Shah,4
Deepa Sharma,4
Deepa Sia,0
Deepa Singh,4
Deepa Soh,4
Deepa Tay,0
Deepa Teo,0
Deepa Wang,2
Deepa Wee,4
Deepa Wong,2
Deepa Wu,4
Deepa Xu,0
Deepa Yang,0
Deepa Yeo,4
Deepa Zhang,0
Deepa Zhao,2
Deepa Zhou,2
Devan Abdullah,4
Devan Ali,0
Devan Chen,2
Devan Chong,4
Devan Foo,2
Devan Goh,0
Devan Gupta,2
Devan Hassan,4
Devan Heng,4
Devan Ho,2
Devan Joshi,4
Devan Koh,0
Devan Kumar,0
Devan Lee,4
Devan Lim,4
Devan Liu,0
Devan Low,0
Devan Mehta,0
Devan Omar,4
Devan Ong,4
Devan Rahman,2
Devan Raj,0
Devan Razak,0
Devan Seow,2
Devan Shah,2
Devan Sharma,4
Devan Sia,0
Devan Soh,4
Devan Tan,2
Devan Tay,4
Devan Teo,2
Devan Wang,0
Devan Wee,4
Devan Wong,2
Devan Wu,0
Devan Xu,4
Devan Yang,0
Devan Yeo,4
Devan Yusof,4
Devan Zhang,2
Devan Zhou,2
Divya Abdullah,1
Divya Chen,1
Divya Chong,1
Divya Garcia,1
Divya Hassan,3
Divya Ismail,3
Divya Jones,3
Divya Joshi,3
Divya Kumar,1
Divya Low,1
Divya Ng,1
Divya Omar,1
Divya Rahman,3
Divya Seow,1
Divya Shah,3
Divya Sharma,3
Divya Smith,1
Divya Tan,3
Divya Wang,3
Divya Wee,1
Divya Wong,3
Divya Wu,3
Divya Xu,1
Divya Zhou,3
Elaine Abdullah,4
Elaine Ahmad,4
Elaine Ali,4
Elaine Chen,4
Elaine Chong,2
Elaine Foo,0
Elaine Goh,2
Elaine Gupta,2
Elaine Heng,2
Elaine Huang,0
Elaine Ibrahim,2
Elaine Ismail,2
Elaine Joshi,2
Elaine Koh,2
Elaine Kumar,0
Elaine Lee,0
Elaine Lim,4
Elaine Low,4
Elaine Mehta,2
Elaine Ng,4
Elaine Omar,0
Elaine Ong,2
Elaine Patel,2
Elaine Rahman,0
Elaine Seow,0
Elaine Sharma,2
Elaine Sia,0
Elaine Singh,2
Elaine Soh,0
Elaine Tan,0
Elaine Tay,0
Elaine Teo,2
Elaine Wang,2
Elaine Wee,2
Elaine Wu,2
Elaine Xu,0
Elaine Yang,2
Elaine Yeo,0
Elaine Zhao,4
Eunice Abdullah,2
Eunice Ahmad,0
Eunice Ali,0
Eunice Chen,4
Eunice Chong,4
Eunice Foo,0
Eunice Goh,4
Eunice Gupta,2
Eunice Hassan,4
Eunice Heng,4
Eunice Ibrahim,4
Eunice Ismail,0
Eunice Joshi,0
Eunice Koh,4
Eunice Kumar,2
Eunice Lee,2
Eunice Lim,0
Eunice Liu,4
Eunice Low,4
Eunice Mehta,4
Eunice Ng,4
Eunice Omar,0
Eunice Ong,2
Eunice Patel,4
Eunice Rahman,4
Eunice Seow,2
Eunice Sharma,0
Eunice Sia,2
Eunice Singh,0
Eunice Soh,0
Eunice Tan,0
Eunice Tay,4
Eunice Wee,4
Eunice Wong,0
Eunice Wu,2
Eunice Xu,4
Eunice Yang,4
Eunice Yeo,2
Eunice Zhang,4
Eunice Zhao,0
Eunice Zhou,2
Fadilah Abdullah,2
Fadilah Ahmad,0
Fadilah Ali,4
Fadilah Chen,0
Fadilah Chong,2
Fadilah Foo,2
Fadilah Goh,2
Fadilah Gupta,2
Fadilah Hassan,2
Fadilah Heng,0
Fadilah Ho,4
Fadilah Huang,0
Fadilah Ibrahim,4
Fadilah Ismail,2
Fadilah Joshi,4
Fadilah Koh,0
Fadilah Kumar,0
Fadilah Lee,0
Fadilah Lim,0
Fadilah Liu,0
Fadilah Low,2
Fadilah Mehta,2
Fadilah Ng,0
Fadilah Omar,2
Fadilah Patel,2
Fadilah Rahman,2
Fadilah Seow,0
Fadilah Shah,4
Fadilah Sharma,2
Fadilah Sia,0
Fadilah Soh,2
Fadilah Tan,4
Fadilah Teo,0
Fadilah Wang,4
Fadilah Wee,2
Fadilah Wong,4
Fadilah Wu,0
Fadilah Xu,0
Fadilah Yang,0
Fadilah Yeo,4
Fadilah Zhao,2
Fadilah Zhou,4
Farhan Abdullah,2
Farhan Ahmad,0
Farhan Ali,0
Farhan Chen,4
Farhan Chong,0
Farhan Foo,0
Farhan Goh,0
Farhan Gupta,0
Farhan Hassan,2
Farhan Huang,4
Farhan Ibrahim,4
Farhan Ismail,0
Farhan Koh,0
Farhan Kumar,2
Farhan Lee,2
Farhan Lim,0
Farhan Liu,2
Farhan Low,0
Farhan Mehta,4
Farhan Ng,0
Farhan Omar,0
Farhan Ong,4
Farhan Patel,2
Farhan Rahman,4
Farhan Seow,2
Farhan Shah,2
Farhan Sharma,0
Farhan Sia,4
Farhan Singh,0
Farhan Soh,2
Farhan Tan,2
Farhan Tay,0
Farhan Teo,2
Farhan Wang,4
Farhan Wee,0
Farhan Wong,2
Farhan Wu,2
Farhan Xu,2
Farhan Yang,0
Farhan Yeo,2
Farhan Zhang,4
Farhan Zhao,0
Farhan Zhou,2
Fazli Abdullah,1
Fazli Ahmad,3
Fazli Chen,3
Fazli Hassan,3
Fazli Johnson,1
Fazli Jones,3
Fazli Joshi,1
Fazli Koh,1
Fazli Kumar,1
Fazli Low,3
Fazli Mehta,3
Fazli Ng,1
Fazli Omar,3
Fazli Sharma,3
Fazli Soh,1
Fazli Tay,3
Fazli Teo,3
Fazli Wang,3
Fazli Wee,1
Fazli Zhou,1
Gavin Chong,3
Gavin Patel,3
Gavin Xu,3
Guan Yu Abdullah,4
Guan Yu Ahmad,4
Guan Yu Chong,0
Guan Yu Foo,2
Guan Yu Hassan,0
Guan Yu Heng,0
Guan Yu Ho,2
Guan Yu Huang,4
Guan Yu Ibrahim,2
Guan Yu Ismail,2
Guan Yu Joshi,2
Guan Yu Koh,2
Guan Yu Kumar,0
Guan Yu Lee,2
Guan Yu Lim,4
Guan Yu Liu,0
Guan Yu Low,0
Guan Yu Mehta,2
Guan Yu Ng,2
Guan Yu Omar,2
Guan Yu Ong,4
Guan Yu Patel,0
Guan Yu Rahman,4
Guan Yu Seow,4
Guan Yu Shah,0
Guan Yu Sharma,2
Guan Yu Sia,4
Guan Yu Singh,0
Guan Yu Soh,0
Guan Yu Tan,0
Guan Yu Tay,2
Guan Yu Teo,2
Guan Yu Wang,4
Guan Yu Wee,0
Guan Yu Wong,4
Guan Yu Wu,0
Guan Yu Xu,4
Guan Yu Yang,0
Guan Yu Yeo,4
Guan Yu Zhao,4
Guan Yu Zhou,0
Guo Wei Abdullah,1
Guo Wei Ali,1
Guo Wei Chen,1
Guo Wei Chong,3
Guo Wei Davis,1
Guo Wei Hassan,3
Guo Wei Johnson,1
Guo Wei Jones,1
Guo Wei Kumar,3
Guo Wei Liu,3
Guo Wei Low,3
Guo Wei Mehta,3
Guo Wei Omar,1
Guo Wei Ong,1
Guo Wei Rahman,3
Guo Wei Shah,1
Guo Wei Smith,3
Guo Wei Tan,1
Guo Wei Teo,3
Guo Wei Williams,3
Guo Wei Wong,1
Guo Wei Xu,1
Hafiz Ahmad,4
Hafiz Ali,0
Hafiz Chen,2
Hafiz Chong,4
Hafiz Foo,2
Hafiz Goh,2
Hafiz Gupta,2
Hafiz Hassan,0
Hafiz Heng,2
Hafiz Ho,0
Hafiz Huang,4
Hafiz Ibrahim,4
Hafiz Ismail,2
Hafiz Koh,2
Hafiz Kumar,4
Hafiz Lee,4
Hafiz Lim,4
Hafiz Liu,0
Hafiz Low,0
Hafiz Mehta,2
Hafiz Ng,4
Hafiz Omar,2
Hafiz Ong,2
Hafiz Patel,2
Hafiz Seow,2
Hafiz Shah,2
Hafiz Sharma,2
Hafiz Sia,2
Hafiz Singh,2
Hafiz Soh,2
Hafiz Tay,0
Hafiz Teo,0
Hafiz Wang,2
Hafiz Wee,4
Hafiz Wong,0
Hafiz Wu,2
Hafiz Xu,2
Hafiz Yang,4
Hafiz Zhang,4
Hafiz Zhou,4
Haikal Abdullah,0
Haikal Ahmad,2
Haikal Ali,4
Haikal Chen,4
Haikal Foo,0
Haikal Goh,4
Haikal Gupta,4
Haikal Hassan,0
Haikal Heng,4
Haikal Ho,0
Haikal Huang,2
Haikal Ismail,0
Haikal Koh,2
Haikal Kumar,4
Haikal Lee,0
Haikal Lim,0
Haikal Liu,2
Haikal Mehta,4
Haikal Omar,2
Haikal Ong,4
Haikal Patel,2
Haikal Rahman,4
Haikal Seow,4
Haikal Shah,4
Haikal Sharma,2
Haikal Sia,4
Haikal Singh,2
Haikal Soh,0
Haikal Tan,4
Haikal Tay,0
Haikal Teo,0
Haikal Wang,0
Haikal Wee,4
Haikal Wong,0
Haikal Wu,0
Haikal Xu,4
Haikal Yang,4
Haikal Zhang,2
Haikal Zhao,0
Haikal Zhou,2
Harith Ahmad,4
Harith Ali,0
Harith Chong,4
Harith Foo,2
Harith Goh,4
Harith Gupta,0
Harith Hassan,0
Harith Heng,2
Harith Ho,2
Harith Huang,4
Harith Ibrahim,2
Harith Ismail,2
Harith Joshi,0
Harith Koh,4
Harith Kumar,4
Harith Lee,4
Harith Liu,4
Harith Low,2
Harith Mehta,0
Harith Nair,2
Harith Ng,4
Harith Omar,4
Harith Ong,4
Harith Patel,4
Harith Rahman,2
Harith Razak,0
Harith Seow,4
Harith Shah,4
Harith Sharma,0
Harith Sia,4
Harith Singh,4
Harith Soh,0
Harith Tan,0
Harith Tay,4
Harith Teo,2
Harith Wang,0
Harith Wee,2
Harith Wong,0
Harith Wu,2
Harith Xu,2
Harith Yang,4
Harith Yeo,0
Harith Yusof,2
Harith Zhang,0
Harith Zhao,2
Harith Zhou,0
Heng Yi Goh,3
Heng Yi Heng,3
Heng Yi Joshi,3
Heng Yi Ong,3
Heng Yi Sia,3
Heng Yi Wong,3
Hong Wei Ali,1
Hong Wei Chen,1
Hong Wei Gupta,3
Hong Wei Hassan,1
Hong Wei Heng,1
Hong Wei Ismail,3
Hong Wei Joshi,1
Hong Wei Lee,1
Hong Wei Omar,1
Hong Wei Ong,3
Hong Wei Sharma,1
Hong Wei Singh,1
Hong Wei Soh,1
Hong Wei Wu,1
Hong Wei Yang,1
Hong Wei Zhao,1
Huda Abdullah,0
Huda Ahmad,4
Huda Ali,0
Huda Chen,0
Huda Foo,0
Huda Goh,0
Huda Gupta,0
Huda Heng,4
Huda Ho,2
Huda Huang,4
Huda Ibrahim,2
Huda Ismail,0
Huda Joshi,4
Huda Kumar,2
Huda Lim,0
Huda Liu,4
Huda Low,2
Huda Mehta,2
Huda Nair,2
Huda Ng,2
Huda Omar,4
Huda Ong,4
Huda Rahman,0
Huda Raj,4
Huda Razak,4
Huda Shah,4
Huda Sharma,0
Huda Sia,4
Huda Singh,4
Huda Soh,2
Huda Tan,0
Huda Tay,2
Huda Teo,4
Huda Wang,2
Huda Wee,4
Huda Wong,2
Huda Wu,0
Huda Xu,2
Huda Yang,2
Huda Yeo,2
Huda Yusof,0
Huda Zhang,2
Huda Zhao,0
Huda Zhou,4
Hui Min Abdullah,2
Hui Min Ahmad,0
Hui Min Ali,2
Hui Min Chong,4
Hui Min Foo,0
Hui Min Goh,4
Hui Min Gupta,2
Hui Min Hassan,4
Hui Min Heng,4
Hui Min Huang,4
Hui Min Ibrahim,4
Hui Min Ismail,4
Hui Min Joshi,4
Hui Min Koh,4
Hui Min Lim,0
Hui Min Mehta,4
Hui Min Nair,4
Hui Min Ng,0
Hui Min Ong,2
Hui Min Patel,4
Hui Min Rahman,4
Hui Min Raj,0
Hui Min Razak,4
Hui Min Seow,4
Hui Min Shah,2
Hui Min Sia,0
Hui Min Singh,2
Hui Min Soh,4
Hui Min Tan,0
Hui Min Tay,0
Hui Min Teo,4
Hui Min Wang,2
Hui Min Wee,4
Hui Min Wong,4
Hui Min Wu,4
Hui Min Yang,4
Hui Min Yeo,4
Hui Min Yusof,0
Hui Min Zhang,0
Hui Min Zhao,0
Hui Min Zhou,2
Indira Abdullah,2
Indira Ahmad,2
Indira Ali,0
Indira Chen,2
Indira Chong,0
Indira Foo,2
Indira Goh,4
Indira Gupta,0
Indira Hassan,2
Indira Ho,4
Indira Huang,2
Indira Ibrahim,0
Indira Ismail,4
Indira Joshi,2
Indira Koh,0
Indira Kumar,4
Indira Lee,2
Indira Lim,2
Indira Liu,0
Indira Low,4
Indira Mehta,4
Indira Ng,2
Indira Omar,4
Indira Ong,0
Indira Patel,2
Indira Rahman,2
Indira Seow,2
Indira Shah,0
Indira Sharma,4
Indira Sia,4
Indira Singh,2
Indira Tay,2
Indira Teo,4
Indira Wang,2
Indira Wee,0
Indira Wong,2
Indira Wu,4
Indira Xu,0
Indira Yang,0
Indira Yeo,4
Indira Zhang,2
Indira Zhao,0
Indira Zhou,4
Iqbal Abdullah,4
Iqbal Ahmad,0
Iqbal Ali,2
Iqbal Chen,2
Iqbal Chong,0
Iqbal Foo,2
Iqbal Gupta,0
Iqbal Hassan,0
Iqbal Heng,4
Iqbal Ho,2
Iqbal Huang,4
Iqbal Ibrahim,0
Iqbal Ismail,2
Iqbal Joshi,0
Iqbal Kumar,4
Iqbal Lee,2
Iqbal Lim,2
Iqbal Low,2
Iqbal Mehta,4
Iqbal Ng,0
Iqbal Omar,4
Iqbal Ong,0
Iqbal Patel,0
Iqbal Rahman,0
Iqbal Seow,2
Iqbal Shah,4
Iqbal Sharma,0
Iqbal Sia,0
Iqbal Singh,4
Iqbal Tan,0
Iqbal Tay,4
Iqbal Wang,4
Iqbal Wee,2
Iqbal Wong,0
Iqbal Wu,4
Iqbal Xu,0
Iqbal Yang,4
Iqbal Zhang,0
Iqbal Zhao,2
Iqbal Zhou,4
Isaac Abdullah,3
Isaac Ahmad,1
Isaac Ali,3
Isaac Foo,1
Isaac Garcia,1
Isaac Goh,3
Isaac Gupta,1
Isaac Hassan,1
Isaac Ho,1
Isaac Ibrahim,1
Isaac Jones,1
Isaac Joshi,1
Isaac Koh,1
Isaac Lim,1
Isaac Liu,1
Isaac Low,3
Isaac Patel,1
Isaac Seow,1
Isaac Sia,1
Isaac Singh,1
Isaac Soh,3
Isaac Tan,3
Isaac Wee,1
Isaac Yang,1
Isaac Zhang,3
Isaac Zhou,1
Ivan Abdullah,0
Ivan Ahmad,4
Ivan Ali,0
Ivan Chen,4
Ivan Chong,0
Ivan Foo,0
Ivan Goh,4
Ivan Gupta,4
Ivan Hassan,4
Ivan Heng,4
Ivan Ho,2
Ivan Huang,2
Ivan Ibrahim,0
Ivan Ismail,4
Ivan Joshi,2
Ivan Koh,2
Ivan Kumar,0
Ivan Lee,0
Ivan Lim,0
Ivan Liu,2
Ivan Low,4
Ivan Mehta,4
Ivan Ng,2
Ivan Omar,0
Ivan Ong,4
Ivan Patel,2
Ivan Rahman,4
Ivan Seow,4
Ivan Shah,4
Ivan Sharma,0
Ivan Sia,4
Ivan Singh,2
Ivan Soh,2
Ivan Tan,2
Ivan Teo,4
Ivan Wang,0
Ivan Wee,4
Ivan Wong,0
Ivan Wu,0
Ivan Xu,0
Ivan Yang,2
Ivan Yeo,0
Ivan Zhang,2
Ivan Zhao,0
Ivan Zhou,0
Jia Hui Abdullah,2
Jia Hui Ali,0
Jia Hui Chen,2
Jia Hui Chong,0
Jia Hui Foo,4
Jia Hui Hassan,2
Jia Hui Heng,4
Jia Hui Ho,2
Jia Hui Huang,0
Jia Hui Ismail,0
Jia Hui Joshi,4
Jia Hui Koh,0
Jia Hui Kumar,4
Jia Hui Lim,0
Jia Hui Liu,0
Jia Hui Low,0
Jia Hui Mehta,4
Jia Hui Nair,0
Jia Hui Ng,2
Jia Hui Omar,2
Jia Hui Ong,4
Jia Hui Rahman,4
Jia Hui Raj,0
Jia Hui Razak,4
Jia Hui Seow,0
Jia Hui Shah,0
Jia Hui Singh,0
Jia Hui Soh,4
Jia Hui Tan,2
Jia Hui Tay,4
Jia Hui Teo,0
Jia Hui Wang,2
Jia Hui Wong,4
Jia Hui Wu,4
Jia Hui Yang,0
Jia Hui Yeo,0
Jia Hui Zhang,0
Jia Hui Zhao,0
Jia Hui Zhou,0
Jin Hao Joshi,3
Jin Hao Patel,3
Jin Hao Sharma,3
Jin Hao Sia,3
Jin Hao Wang,3
Jin Hao Yeo,3
Jin Yi Abdullah,2
Jin Yi Ahmad,0
Jin Yi Ali,2
Jin Yi Chen,0
Jin Yi Chong,2
Jin Yi Goh,0
Jin Yi Gupta,0
Jin Yi Hassan,0
Jin Yi Heng,0
Jin Yi Ho,0
Jin Yi Huang,0
Jin Yi Ibrahim,0
Jin Yi Ismail,4
Jin Yi Joshi,4
Jin Yi Koh,2
Jin Yi Kumar,2
Jin Yi Lee,4
Jin Yi Liu,2
Jin Yi Low,4
Jin Yi Mehta,2
Jin Yi Ng,2
Jin Yi Omar,4
Jin Yi Ong,0
Jin Yi Patel,2
Jin Yi Rahman,0
Jin Yi Shah,4
Jin Yi Sharma,4
Jin Yi Sia,4
Jin Yi Singh,2
Jin Yi Soh,4
Jin Yi Tan,2
Jin Yi Tay,4
Jin Yi Teo,0
Jin Yi Wang,0
Jin Yi Wee,4
Jin Yi Wong,2
Jin Yi Wu,4
Jin Yi Xu,4
Jin Yi Yang,4
Jin Yi Yeo,4
Jin Yi Zhang,0
Jin Yi Zhao,0
Jin Yi Zhou,4
Joel Abdullah,2
Joel Ahmad,0
Joel Ali,4
Joel Chen,2
Joel Chong,0
Joel Foo,0
Joel Goh,2
Joel Gupta,4
Joel Hassan,0
Joel Heng,4
Joel Ho,4
Joel Huang,2
Joel Ibrahim,0
Joel Ismail,0
Joel Joshi,4
Joel Koh,4
Joel Kumar,0
Joel Lee,0
Joel Lim,0
Joel Liu,2
Joel Mehta,4
Joel Ng,4
Joel Omar,2
Joel Ong,2
Joel Rahman,2
Joel Seow,0
Joel Shah,4
Joel Sharma,0
Joel Sia,4
Joel Singh,0
Joel Soh,4
Joel Tan,4
Joel Tay,4
Joel Wang,4
Joel Wee,4
Joel Wong,4
Joel Wu,2
Joel Xu,0
Joel Yang,2
Joel Yeo,0
Joel Zhang,0
Joel Zhao,2
Joel Zhou,4
Jolene Ahmad,1
Jolene Chen,1
Jolene Davis,3
Jolene Foo,1
Jolene Gupta,1
Jolene Hassan,1
Jolene Heng,1
Jolene Huang,1
Jolene Ismail,1
Jolene Kumar,1
Jolene Lee,1
Jolene Liu,1
Jolene Low,1
Jolene Mehta,1
Jolene Miller,3
Jolene Ng,1
Jolene Soh,3
Jolene Tan,3
Jolene Tay,1
Jolene Xu,1
Jolene Yeo,3
Jolene Zhao,1
Jolene Zhou,1
Jun Hao Abdullah,4
Jun Hao Ahmad,0
Jun Hao Ali,0
Jun Hao Chen,0
Jun Hao Chong,2
Jun Hao Foo,4
Jun Hao Goh,0
Jun Hao Gupta,0
Jun Hao Hassan,4
Jun Hao Heng,4
Jun Hao Ho,2
Jun Hao Huang,4
Jun Hao Ibrahim,4
Jun Hao Ismail,2
Jun Hao Joshi,4
Jun Hao Koh,0
Jun Hao Kumar,0
Jun Hao Lim,2
Jun Hao Low,4
Jun Hao Mehta,4
Jun Hao Ng,2
Jun Hao Omar,4
Jun Hao Ong,0
Jun Hao Patel,2
Jun Hao Rahman,2
Jun Hao Seow,4
Jun Hao Shah,4
Jun Hao Sia,0
Jun Hao Soh,0
Jun Hao Tan,0
Jun Hao Tay,0
Jun Hao Teo,2
Jun Hao Wang,0
Jun Hao Wee,0
Jun Hao Wong,4
Jun Hao Xu,4
Jun Hao Yang,2
Jun Hao Yeo,4
Jun Hao Zhang,2
Jun Hao Zhao,2
Jun Hao Zhou,0
Kai Wen Abdullah,0
Kai Wen Ahmad,2
Kai Wen Ali,4
Kai Wen Chen,0
Kai Wen Chong,4
Kai Wen Foo,2
Kai Wen Goh,4
Kai Wen Gupta,0
Kai Wen Hassan,0
Kai Wen Heng,0
Kai Wen Ho,0
Kai Wen Huang,4
Kai Wen Ibrahim,4
Kai Wen Ismail,0
Kai Wen Joshi,4
Kai Wen Koh,2
Kai Wen Kumar,4
Kai Wen Lee,0
Kai Wen Lim,0
Kai Wen Liu,4
Kai Wen Low,0
Kai Wen Mehta,2
Kai Wen Ng,4
Kai Wen Omar,0
Kai Wen Ong,0
Kai Wen Rahman,2
Kai Wen Seow,2
Kai Wen Shah,0
Kai Wen Sharma,4
Kai Wen Sia,2
Kai Wen Singh,0
Kai Wen Soh,2
Kai Wen Tan,2
Kai Wen Tay,0
Kai Wen Teo,4
Kai Wen Wee,2
Kai Wen Wong,2
Kai Wen Wu,0
Kai Wen Xu,0
Kai Wen Yang,0
Kai Wen Yeo,0
Kai Wen Zhang,4
Kai Wen Zhao,0
Kai Wen Zhou,4
Kai Xin Abdullah,4
Kai Xin Ali,4
Kai Xin Foo,0
Kai Xin Goh,0
Kai Xin Gupta,0
Kai Xin Hassan,4
Kai Xin Heng,4
Kai Xin Huang,0
Kai Xin Ibrahim,0
Kai Xin Ismail,4
Kai Xin Joshi,2
Kai Xin Kumar,2
Kai Xin Lee,0
Kai Xin Lim,0
Kai Xin Low,0
Kai Xin Nair,0
Kai Xin Ng,2
Kai Xin Omar,0
Kai Xin Ong,2
Kai Xin Patel,2
Kai Xin Raj,4
Kai Xin Razak,0
Kai Xin Shah,4
Kai Xin Sharma,0
Kai Xin Sia,2
Kai Xin Singh,4
Kai Xin Soh,4
Kai Xin Tan,2
Kai Xin Tay,4
Kai Xin Teo,0
Kai Xin Wang,4
Kai Xin Wong,2
Kai Xin Wu,0
Kai Xin Xu,2
Kai Xin Yang,4
Kai Xin Yeo,0
Kai Xin Zhang,4
Kai Xin Zhao,2
Kai Xin Zhou,4
Kavitha Ali,3
Kavitha Chong,3
Kavitha Rahman,3
Kavitha Xu,3
Kavitha Zhang,3
Ke Xin Ahmad,1
Ke Xin Chen,3
Ke Xin Chong,1
Ke Xin Garcia,1
Ke Xin Goh,1
Ke Xin Gupta,1
Ke Xin Jones,3
Ke Xin Kumar,1
Ke Xin Ng,1
Ke Xin Ong,1
Ke Xin Patel,1
Ke Xin Sharma,1
Ke Xin Sia,3
Ke Xin Smith,3
Ke Xin Soh,1
Ke Xin Tan,3
Ke Xin Teo,1
Ke Xin Yang,1
Ke Xin Yeo,3
Ke Xin Zhou,1
Kelly Abdullah,3
Kelly Garcia,3
Kelly Hassan,3
Kelly Heng,1
Kelly Ho,3
Kelly Huang,1
Kelly Ong,1
Kelly Rahman,1
Kelly Sharma,1
Kelly Sia,1
Kelly Singh,1
Kelly Smith,1
Kelly Soh,1
Kelly Tan,3
Kelly Wang,1
Kelly Wee,1
Kelly Williams,1
Kelly Wong,1
Kelly Wu,1
Kelly Yang,1
Kelly Zhang,1
Kelly Zhao,3
Krishnan Lim,3
Krishnan Omar,3
Krishnan Sharma,3
Krishnan Tay,3
Krishnan Wee,3
Lakshmi Abdullah,4
Lakshmi Ahmad,4
Lakshmi Ali,0
Lakshmi Chen,0
Lakshmi Foo,2
Lakshmi Goh,0
Lakshmi Gupta,2
Lakshmi Hassan,0
Lakshmi Heng,0
Lakshmi Ho,0
Lakshmi Huang,2
Lakshmi Ibrahim,4
Lakshmi Joshi,4
Lakshmi Koh,0
Lakshmi Kumar,4
Lakshmi Lee,0
Lakshmi Lim,4
Lakshmi Liu,0
Lakshmi Low,4
Lakshmi Mehta,2
Lakshmi Ng,2
Lakshmi Omar,0
Lakshmi Ong,0
Lakshmi Patel,4
Lakshmi Rahman,4
Lakshmi Seow,4
Lakshmi Sharma,4
Lakshmi Singh,2
Lakshmi Soh,2
Lakshmi Tan,0
Lakshmi Tay,0
Lakshmi Teo,2
Lakshmi Wang,2
Lakshmi Wee,0
Lakshmi Wong,4
Lakshmi Wu,0
Lakshmi Yang,4
Lakshmi Yeo,4
Lakshmi Zhang,2
Lakshmi Zhao,2
Lakshmi Zhou,0
Leela Abdullah,2
Leela Ahmad,4
Leela Ali,4
Leela Chen,2
Leela Chong,4
Leela Foo,0
Leela Goh,2
Leela Gupta,2
Leela Hassan,2
Leela Heng,4
Leela Ho,4
Leela Huang,4
Leela Ibrahim,0
Leela Ismail,0
Leela Joshi,0
Leela Koh,4
Leela Kumar,2
Leela Lee,4
Leela Lim,0
Leela Liu,4
Leela Low,0
Leela Mehta,2
Leela Omar,4
Leela Ong,0
Leela Patel,4
Leela Rahman,0
Leela Seow,2
Leela Sharma,4
Leela Sia,4
Leela Singh,0
Leela Soh,0
Leela Tay,2
Leela Teo,4
Leela Wang,0
Leela Wee,2
Leela Wong,4
Leela Wu,2
Leela Xu,2
Leela Yang,0
Leela Yeo,0
Leela Zhang,4
Leela Zhao,0
Li Hao Ahmad,4
Li Hao Ali,0
Li Hao Chen,0
Li Hao Chong,0
Li Hao Foo,4
Li Hao Goh,2
Li Hao Gupta,0
Li Hao Hassan,0
Li Hao Heng,2
Li Hao Ho,2
Li Hao Huang,2
Li Hao Joshi,4
Li Hao Koh,0
Li Hao Kumar,0
Li Hao Lim,0
Li Hao Liu,0
Li Hao Low,4
Li Hao Mehta,2
Li Hao Ng,0
Li Hao Omar,0
Li Hao Ong,0
Li Hao Seow,0
Li Hao Shah,2
Li Hao Sharma,2
Li Hao Singh,0
Li Hao Soh,0
Li Hao Tan,2
Li Hao Tay,0
Li Hao Teo,0
Li Hao Wang,4
Li Hao Wee,0
Li Hao Wong,2
Li Hao Wu,2
Li Hao Xu,4
Li Hao Yeo,4
Li Hao Zhao,0
Li Hao Zhou,2
Li Xuan Abdullah,2
Li Xuan Ali,2
Li Xuan Chen,2
Li Xuan Chong,2
Li Xuan Foo,4
Li Xuan Goh,0
Li Xuan Hassan,0
Li Xuan Heng,2
Li Xuan Ho,0
Li Xuan Huang,0
Li Xuan Ibrahim,0
Li Xuan Joshi,4
Li Xuan Koh,0
Li Xuan Kumar,0
Li Xuan Lee,4
Li Xuan Liu,2
Li Xuan Low,4
Li Xuan Mehta,2
Li Xuan Omar,2
Li Xuan Ong,4
Li Xuan Patel,2
Li Xuan Rahman,2
Li Xuan Raj,0
Li Xuan Razak,2
Li Xuan Seow,0
Li Xuan Shah,2
Li Xuan Singh,0
Li Xuan Soh,0
Li Xuan Tan,4
Li Xuan Tay,0
Li Xuan Teo,0
Li Xuan Wang,0
Li Xuan Wee,4
Li Xuan Wong,0
Li Xuan Xu,0
Li Xuan Yang,2
Li Xuan Yeo,2
Li Xuan Yusof,0
Li Xuan Zhao,0
Li Xuan Zhou,0
Ling Yi Omar,3
Ling Yi Wang,3
Manju Ahmad,0
Manju Ali,4
Manju Foo,4
Manju Goh,0
Manju Gupta,0
Manju Hassan,0
Manju Heng,2
Manju Ho,2
Manju Ibrahim,0
Manju Ismail,4
Manju Joshi,0
Manju Koh,2
Manju Kumar,0
Manju Lee,0
Manju Liu,2
Manju Low,4
Manju Mehta,4
Manju Ng,2
Manju Omar,0
Manju Ong,0
Manju Patel,0
Manju Rahman,0
Manju Raj,0
Manju Razak,2
Manju Seow,0
Manju Shah,4
Manju Sia,0
Manju Singh,4
Manju Soh,0
Manju Tan,4
Manju Tay,0
Manju Wang,0
Manju Wee,4
Manju Wong,2
Manju Wu,4
Manju Xu,0
Manju Yang,4
Manju Yusof,0
Manju Zhang,4
Manju Zhao,2
Manju Zhou,0
Marcus Ahmad,1
Marcus Garcia,3
Marcus Hassan,3
Marcus Ismail,3
Marcus Jones,1
Marcus Koh,1
Marcus Lee,1
Marcus Lim,1
Marcus Liu,1
Marcus Low,1
Marcus Ong,1
Marcus Rahman,1
Marcus Sia,3
Marcus Tay,3
Marcus Wang,1
Marcus Wee,1
Marcus Wong,1
Marcus Wu,3
Marcus Xu,1
Marcus Yeo,3
Marcus Zhang,1
Marcus Zhao,1
Mei Ling Ahmad,2
Mei Ling Ali,2
Mei Ling Chen,0
Mei Ling Foo,2
Mei Ling Gupta,4
Mei Ling Hassan,2
Mei Ling Heng,0
Mei Ling Ho,0
Mei Ling Huang,4
Mei Ling Ibrahim,0
Mei Ling Koh,0
Mei Ling Kumar,2
Mei Ling Lee,4
Mei Ling Liu,4
Mei Ling Mehta,4
Mei Ling Nair,4
Mei Ling Ng,0
Mei Ling Omar,2
Mei Ling Ong,2
Mei Ling Rahman,2
Mei Ling Raj,2
Mei Ling Seow,0
Mei Ling Shah,2
Mei Ling Sia,4
Mei Ling Singh,2
Mei Ling Soh,2
Mei Ling Tan,0
Mei Ling Tay,4
Mei Ling Teo,0
Mei Ling Wang,4
Mei Ling Wong,2
Mei Ling Wu,4
Mei Ling Xu,0
Mei Ling Yang,4
Mei Ling Yeo,4
Mei Ling Yusof,0
Mei Ling Zhang,0
Mei Ling Zhou,0
Melissa Abdullah,2
Melissa Ahmad,0
Melissa Ali,2
Melissa Chen,0
Melissa Chong,2
Melissa Foo,2
Melissa Goh,0
Melissa Hassan,2
Melissa Heng,4
Melissa Ho,2
Melissa Huang,2
Melissa Ibrahim,4
Melissa Ismail,4
Melissa Joshi,4
Melissa Koh,2
Melissa Kumar,0
Melissa Lim,4
Melissa Liu,2
Melissa Low,0
Melissa Mehta,2
Melissa Ng,0
Melissa Omar,2
Melissa Ong,0
Melissa Patel,4
Melissa Rahman,2
Melissa Seow,2
Melissa Shah,0
Melissa Sharma,0
Melissa Sia,4
Melissa Singh,0
Melissa Soh,2
Melissa Tay,2
Melissa Teo,0
Melissa Wee,4
Melissa Wong,2
Melissa Wu,4
Melissa Xu,2
Melissa Yang,2
Melissa Zhao,0
Melissa Zhou,2
Min Wei Abdullah,4
Min Wei Ahmad,4
Min Wei Ali,4
Min Wei Chen,0
Min Wei Foo,2
Min Wei Goh,2
Min Wei Gupta,0
Min Wei Hassan,0
Min Wei Heng,0
Min Wei Ho,0
Min Wei Huang,2
Min Wei Ibrahim,2
Min Wei Ismail,4
Min Wei Joshi,0
Min Wei Kumar,0
Min Wei Lim,0
Min Wei Liu,0
Min Wei Low,0
Min Wei Mehta,0
Min Wei Nair,4
Min Wei Ng,4
Min Wei Omar,4
Min Wei Ong,2
Min Wei Raj,0
Min Wei Razak,2
Min Wei Seow,0
Min Wei Sharma,2
Min Wei Sia,0
Min Wei Soh,4
Min Wei Tan,2
Min Wei Teo,0
Min Wei Wang,4
Min Wei Wee,0
Min Wei Wong,2
Min Wei Wu,0
Min Wei Xu,4
Min Wei Yang,4
Min Wei Yeo,2
Min Wei Yusof,0
Min Wei Zhao,4
Min Wei Zhou,2
Ming Wei Ahmad,1
Ming Wei Brown,3
Ming Wei Davis,1
Ming Wei Foo,1
Ming Wei Garcia,1
Ming Wei Hassan,1
Ming Wei Huang,3
Ming Wei Johnson,1
Ming Wei Joshi,1
Ming Wei Koh,1
Ming Wei Ng,1
Ming Wei Omar,3
Ming Wei Seow,1
Ming Wei Sharma,1
Ming Wei Singh,1
Ming Wei Smith,1
Ming Wei Teo,1
Ming Wei Wee,1
Ming Wei Zhou,1
Muhammad Sharma,3
Nandini Abdullah,3
Nandini Heng,3
Nandini Koh,3
Nandini Seow,3
Nasir Ahmad,3
Nasir Foo,1
Nasir Garcia,1
Nasir Gupta,3
Nasir Ho,3
Nasir Ibrahim,1
Nasir Johnson,3
Nasir Lim,1
Nasir Mehta,1
Nasir Miller,1
Nasir Omar,1
Nasir Patel,1
Nasir Singh,1
Nasir Tan,3
Nasir Tay,1
Nasir Wu,1
Nasir Yang,1
Nasir Zhang,1
Natalie Abdullah,0
Natalie Ahmad,0
Natalie Ali,0
Natalie Chen,0
Natalie Chong,4
Natalie Foo,2
Natalie Gupta,2
Natalie Hassan,0
Natalie Heng,0
Natalie Huang,0
Natalie Ibrahim,0
Natalie Ismail,4
Natalie Joshi,4
Natalie Koh,2
Natalie Kumar,4
Natalie Lee,0
Natalie Lim,4
Natalie Liu,4
Natalie Low,2
Natalie Mehta,4
Natalie Ng,0
Natalie Omar,4
Natalie Patel,4
Natalie Rahman,2
Natalie Seow,0
Natalie Shah,4
Natalie Sharma,0
Natalie Sia,0
Natalie Singh,0
Natalie Soh,4
Natalie Tan,0
Natalie Tay,0
Natalie Teo,2
Natalie Wang,4
Natalie Wee,2
Natalie Wong,0
Natalie Wu,2
Natalie Xu,4
Natalie Yeo,0
Natalie Zhang,4
Natalie Zhao,2
Natalie Zhou,4
Nathan Ahmad,0
Nathan Ali,2
Nathan Chong,2
Nathan Foo,0
Nathan Gupta,4
Nathan Hassan,4
Nathan Heng,2
Nathan Ho,2
Nathan Huang,4
Nathan Ibrahim,2
Nathan Ismail,2
Nathan Joshi,0
Nathan Koh,2
Nathan Kumar,4
Nathan Lee,0
Nathan Lim,4
Nathan Liu,0
Nathan Low,0
Nathan Mehta,4
Nathan Ng,2
Nathan Omar,0
Nathan Ong,0
Nathan Patel,4
Nathan Rahman,0
Nathan Seow,4
Nathan Shah,2
Nathan Sia,0
Nathan Singh,0
Nathan Soh,4
Nathan Tan,0
Nathan Tay,0
Nathan Teo,2
Nathan Wang,4
Nathan Wee,4
Nathan Wong,4
Nathan Xu,0
Nathan Yang,4
Nathan Yeo,0
Nathan Zhang,2
Nathan Zhao,2
Nathan Zhou,2
Naveen Abdullah,2
Naveen Ahmad,2
Naveen Ali,4
Naveen Chen,4
Naveen Chong,0
Naveen Foo,0
Naveen Goh,0
Naveen Gupta,0
Naveen Hassan,2
Naveen Heng,2
Naveen Ho,0
Naveen Huang,4
Naveen Ibrahim,0
Naveen Ismail,2
Naveen Joshi,0
Naveen Koh,2
Naveen Lee,2
Naveen Lim,4
Naveen Liu,2
Naveen Low,4
Naveen Mehta,0
Naveen Ong,2
Naveen Patel,0
Naveen Rahman,4
Naveen Seow,4
Naveen Shah,0
Naveen Sharma,0
Naveen Sia,2
Naveen Singh,4
Naveen Soh,0
Naveen Tan,2
Naveen Tay,2
Naveen Teo,0
Naveen Wang,4
Naveen Wee,2
Naveen Wong,2
Naveen Wu,4
Naveen Xu,4
Naveen Yang,2
Naveen Yeo,0
Naveen Zhang,2
Naveen Zhao,0
Naveen Zhou,2
Nora Chong,3
Nora Gupta,3
Nora Ho,3
Nora Ismail,3
Nora Tan,3
Nora Wang,3
Nora Yeo,3
Nurul Abdullah,4
Nurul Ahmad,4
Nurul Ali,4
Nurul Chen,4
Nurul Foo,2
Nurul Goh,4
Nurul Gupta,4
Nurul Hassan,0
Nurul Heng,2
Nurul Ho,0
Nurul Huang,4
Nurul Ibrahim,0
Nurul Ismail,0
Nurul Joshi,4
Nurul Koh,2
Nurul Kumar,4
Nurul Lim,4
Nurul Liu,2
Nurul Low,2
Nurul Mehta,2
Nurul Nair,0
Nurul Ng,0
Nurul Omar,0
Nurul Ong,4
Nurul Patel,4
Nurul Rahman,0
Nurul Raj,0
Nurul Razak,0
Nurul Seow,0
Nurul Shah,4
Nurul Sia,0
Nurul Singh,4
Nurul Soh,4
Nurul Tan,0
Nurul Tay,0
Nurul Teo,0
Nurul Wang,2
Nurul Wee,2
Nurul Wong,0
Nurul Xu,4
Nurul Yang,0
Nurul Yusof,4
Nurul Zhang,4
Nurul Zhao,0
Nurul Zhou,0
Pei Ling Abdullah,0
Pei Ling Ahmad,4
Pei Ling Ali,2
Pei Ling Chen,2
Pei Ling Chong,0
Pei Ling Foo,4
Pei Ling Goh,2
Pei Ling Gupta,0
Pei Ling Hassan,2
Pei Ling Heng,2
Pei Ling Ho,0
Pei Ling Huang,2
Pei Ling Ibrahim,2
Pei Ling Ismail,0
Pei Ling Koh,2
Pei Ling Kumar,0
Pei Ling Lee,0
Pei Ling Lim,2
Pei Ling Liu,2
Pei Ling Low,0
Pei Ling Mehta,0
Pei Ling Ng,0
Pei Ling Omar,0
Pei Ling Ong,4
Pei Ling Patel,0
Pei Ling Rahman,4
Pei Ling Seow,0
Pei Ling Shah,2
Pei Ling Sharma,4
Pei Ling Sia,2
Pei Ling Singh,0
Pei Ling Soh,0
Pei Ling Tan,4
Pei Ling Tay,0
Pei Ling Wang,0
Pei Ling Wong,0
Pei Ling Wu,0
Pei Ling Xu,2
Pei Ling Yang,2
Pei Ling Zhang,0
Pei Ling Zhao,4
Pei Ling Zhou,2
Pei Wen Ali,3
Pei Wen Low,3
Pei Wen Tan,3
Pei Wen Tay,3
Pei Wen Yang,3
Preeti Ahmad,3
Preeti Brown,1
Preeti Gupta,3
Preeti Heng,1
Preeti Ibrahim,1
Preeti Jones,1
Preeti Kumar,3
Preeti Lee,3
Preeti Lim,1
Preeti Mehta,1
Preeti Ng,1
Preeti Ong,1
Preeti Seow,1
Preeti Sharma,3
Preeti Soh,3
Preeti Tan,3
Preeti Wang,1
Preeti Wee,1
Preeti Wu,3
Preeti Zhou,1
Priya Abdullah,4
Priya Ahmad,0
Priya Ali,2
Priya Chen,0
Priya Chong,0
Priya Gupta,2
Priya Heng,2
Priya Ho,2
Priya Huang,0
Priya Ibrahim,2
Priya Ismail,0
Priya Joshi,0
Priya Koh,2
Priya Kumar,0
Priya Lee,2
Priya Lim,4
Priya Low,4
Priya Mehta,0
Priya Omar,0
Priya Ong,2
Priya Patel,0
Priya Rahman,2
Priya Shah,2
Priya Sharma,0
Priya Sia,0
Priya Singh,0
Priya Soh,0
Priya Tan,2
Priya Teo,4
Priya Wang,2
Priya Wee,4
Priya Wong,0
Priya Wu,0
Priya Xu,4
Priya Yang,4
Priya Yeo,4
Priya Zhang,4
Priya Zhao,0
Priya Zhou,0
Qian Ying Chen,3
Qian Ying Kumar,3
Qian Ying Yeo,3
Qiu Ying Abdullah,4
Qiu Ying Ahmad,0
Qiu Ying Ali,2
Qiu Ying Chen,2
Qiu Ying Chong,0
Qiu Ying Foo,4
Qiu Ying Gupta,4
Qiu Ying Hassan,0
Qiu Ying Heng,4
Qiu Ying Ho,0
Qiu Ying Huang,2
Qiu Ying Ibrahim,2
Qiu Ying Ismail,2
Qiu Ying Joshi,2
Qiu Ying Koh,0
Qiu Ying Lee,4
Qiu Ying Lim,0
Qiu Ying Liu,0
Qiu Ying Low,4
Qiu Ying Mehta,4
Qiu Ying Ng,4
Qiu Ying Ong,0
Qiu Ying Patel,2
Qiu Ying Rahman,4
Qiu Ying Seow,2
Qiu Ying Shah,4
Qiu Ying Sharma,0
Qiu Ying Sia,2
Qiu Ying Singh,4
Qiu Ying Soh,0
Qiu Ying Tan,2
Qiu Ying Tay,0
Qiu Ying Wang,2
Qiu Ying Wee,2
Qiu Ying Wu,0
Qiu Ying Xu,2
Qiu Ying Yang,0
Qiu Ying Yeo,0
Qiu Ying Zhang,0
Qiu Ying Zhao,2
Qiu Ying Zhou,0
Rajesh Abdullah,2
Rajesh Ahmad,4
Rajesh Ali,4
Rajesh Chen,0
Rajesh Chong,0
Rajesh Foo,2
Rajesh Gupta,2
Rajesh Hassan,4
Rajesh Ho,4
Rajesh Huang,4
Rajesh Ismail,0
Rajesh Joshi,0
Rajesh Koh,4
Rajesh Kumar,4
Rajesh Lee,0
Rajesh Lim,4
Rajesh Liu,4
Rajesh Low,2
Rajesh Mehta,4
Rajesh Ng,0
Rajesh Omar,0
Rajesh Ong,2
Rajesh Patel,4
Rajesh Raj,0
Rajesh Seow,4
Rajesh Shah,4
Rajesh Sharma,2
Rajesh Sia,4
Rajesh Singh,2
Rajesh Soh,4
Rajesh Tan,2
Rajesh Tay,2
Rajesh Teo,0
Rajesh Wang,4
Rajesh Wee,4
Rajesh Wong,2
Rajesh Xu,2
Rajesh Yang,0
Rajesh Yeo,4
Rajesh Yusof,2
Rajesh Zhao,2
Rajesh Zhou,2
Ramesh Abdullah,4
Ramesh Ahmad,4
Ramesh Ali,4
Ramesh Chen,4
Ramesh Chong,0
Ramesh Foo,2
Ramesh Gupta,2
Ramesh Hassan,0
Ramesh Heng,4
Ramesh Ho,0
Ramesh Huang,0
Ramesh Ibrahim,4
Ramesh Ismail,0
Ramesh Joshi,2
Ramesh Koh,0
Ramesh Kumar,0
Ramesh Lee,4
Ramesh Lim,4
Ramesh Liu,0
Ramesh Low,4
Ramesh Mehta,0
Ramesh Ng,4
Ramesh Omar,2
Ramesh Ong,0
Ramesh Patel,0
Ramesh Rahman,2
Ramesh Seow,4
Ramesh Sharma,0
Ramesh Singh,2
Ramesh Soh,4
Ramesh Tan,4
Ramesh Tay,0
Ramesh Teo,0
Ramesh Wang,4
Ramesh Wee,2
Ramesh Wong,2
Ramesh Wu,2
Ramesh Xu,0
Ramesh Yang,4
Ramesh Yeo,2
Ramesh Zhang,4
Ramesh Zhao,2
Ravi Brown,1
Ravi Chong,3
Ravi Foo,3
Ravi Johnson,1
Ravi Koh,3
Ravi Lee,3
Ravi Lim,1
Ravi Mehta,1
Ravi Miller,3
Ravi Ng,1
Ravi Omar,1
Ravi Rahman,1
Ravi Shah,1
Ravi Sharma,3
Ravi Smith,1
Ravi Wee,3
Ravi Williams,1
Ravi Wu,1
Ravi Zhang,1
Ridzwan Ahmad,1
Ridzwan Chong,1
Ridzwan Davis,3
Ridzwan Goh,1
Ridzwan Gupta,1
Ridzwan Huang,1
Ridzwan Ismail,3
Ridzwan Johnson,1
Ridzwan Koh,1
Ridzwan Kumar,3
Ridzwan Rahman,1
Ridzwan Seow,1
Ridzwan Sia,1
Ridzwan Smith,1
Ridzwan Soh,1
Ridzwan Tan,1
Ridzwan Tay,1
Ridzwan Wang,3
Ridzwan Williams,3
Ridzwan Wong,1
Ridzwan Wu,1
Ridzwan Zhao,1
Samantha Abdullah,2
Samantha Ahmad,4
Samantha Ali,0
Samantha Chen,0
Samantha Chong,0
Samantha Foo,0
Samantha Goh,4
Samantha Gupta,0
Samantha Hassan,4
Samantha Heng,2
Samantha Ho,0
Samantha Huang,0
Samantha Ibrahim,0
Samantha Ismail,4
Samantha Joshi,4
Samantha Koh,0
Samantha Kumar,4
Samantha Lee,2
Samantha Lim,4
Samantha Low,4
Samantha Mehta,2
Samantha Ng,4
Samantha Omar,4
Samantha Ong,0
Samantha Patel,2
Samantha Rahman,4
Samantha Seow,2
Samantha Shah,2
Samantha Sharma,0
Samantha Singh,4
Samantha Soh,4
Samantha Tan,4
Samantha Tay,2
Samantha Teo,2
Samantha Wang,2
Samantha Wee,2
Samantha Wu,2
Samantha Xu,2
Samantha Yang,4
Samantha Yeo,2
Samantha Zhang,0
Samantha Zhao,4
Samantha Zhou,0
Sangeeta Foo,1
Sangeeta Garcia,3
Sangeeta Huang,3
Sangeeta Ibrahim,3
Sangeeta Johnson,3
Sangeeta Jones,1
Sangeeta Mehta,1
Sangeeta Omar,1
Sangeeta Ong,1
Sangeeta Shah,3
Sangeeta Sharma,1
Sangeeta Sia,1
Sangeeta Singh,3
Sangeeta Soh,1
Sangeeta Tay,3
Sangeeta Teo,3
Sangeeta Xu,1
Sangeeta Yeo,1
Sangeeta Zhao,1
Sanjay Abdullah,0
Sanjay Ahmad,4
Sanjay Ali,2
Sanjay Chen,2
Sanjay Foo,0
Sanjay Goh,4
Sanjay Hassan,2
Sanjay Heng,4
Sanjay Ho,4
Sanjay Ismail,0
Sanjay Joshi,2
Sanjay Koh,2
Sanjay Kumar,2
Sanjay Lee,4
Sanjay Lim,2
Sanjay Liu,2
Sanjay Low,4
Sanjay Mehta,4
Sanjay Nair,2
Sanjay Ng,4
Sanjay Omar,0
Sanjay Ong,0
Sanjay Patel,4
Sanjay Rahman,4
Sanjay Raj,2
Sanjay Seow,0
Sanjay Shah,2
Sanjay Sharma,0
Sanjay Sia,0
Sanjay Singh,0
Sanjay Soh,0
Sanjay Tay,0
Sanjay Teo,0
Sanjay Wang,2
Sanjay Wee,2
Sanjay Wong,2
Sanjay Wu,4
Sanjay Xu,2
Sanjay Yang,4
Sanjay Yeo,0
Sanjay Yusof,2
Sanjay Zhang,4
Sanjay Zhao,0
Sanjay Zhou,0
Sebastian Low,3
Sebastian Wee,3
Shafiq Abdullah,4
Shafiq Ahmad,0
Shafiq Ali,2
Shafiq Foo,2
Shafiq Goh,4
Shafiq Gupta,0
Shafiq Heng,4
Shafiq Ho,0
Shafiq Huang,2
Shafiq Ismail,2
Shafiq Joshi,0
Shafiq Koh,4
Shafiq Lee,0
Shafiq Liu,4
Shafiq Low,4
Shafiq Mehta,2
Shafiq Ng,2
Shafiq Omar,2
Shafiq Ong,4
Shafiq Patel,0
Shafiq Rahman,0
Shafiq Seow,0
Shafiq Shah,2
Shafiq Sharma,0
Shafiq Sia,0
Shafiq Singh,2
Shafiq Soh,0
Shafiq Tan,4
Shafiq Teo,0
Shafiq Wang,0
Shafiq Wee,4
Shafiq Wong,0
Shafiq Wu,4
Shafiq Xu,2
Shafiq Yang,2
Shafiq Yeo,4
Shafiq Zhang,2
Shafiq Zhao,4
Shalini Abdullah,4
Shalini Ahmad,0
Shalini Ali,0
Shalini Chen,4
Shalini Chong,0
Shalini Foo,0
Shalini Goh,2
Shalini Gupta,4
Shalini Hassan,2
Shalini Heng,4
Shalini Huang,0
Shalini Ibrahim,4
Shalini Ismail,4
Shalini Joshi,2
Shalini Koh,2
Shalini Kumar,4
Shalini Lee,4
Shalini Lim,0
Shalini Low,0
Shalini Nair,0
Shalini Ng,4
Shalini Omar,0
Shalini Patel,0
Shalini Rahman,0
Shalini Raj,0
Shalini Seow,0
Shalini Shah,2
Shalini Sharma,2
Shalini Singh,0
Shalini Soh,2
Shalini Tan,4
Shalini Tay,0
Shalini Teo,0
Shalini Wang,4
Shalini Wong,4
Shalini Wu,0
Shalini Xu,0
Shalini Yang,0
Shalini Yeo,0
Shalini Yusof,2
Shalini Zhang,2
Shalini Zhao,0
Shalini Zhou,2
Sharifah Ahmad,0
Sharifah Chen,4
Sharifah Chong,0
Sharifah Foo,2
Sharifah Goh,2
Sharifah Gupta,0
Sharifah Hassan,2
Sharifah Ho,0
Sharifah Huang,0
Sharifah Ismail,0
Sharifah Joshi,2
Sharifah Koh,0
Sharifah Kumar,0
Sharifah Lee,0
Sharifah Lim,4
Sharifah Low,2
Sharifah Mehta,4
Sharifah Nair,2
Sharifah Ng,0
Sharifah Omar,2
Sharifah Ong,4
Sharifah Patel,4
Sharifah Raj,0
Sharifah Razak,4
Sharifah Seow,4
Sharifah Sharma,0
Sharifah Sia,0
Sharifah Tan,4
Sharifah Teo,0
Sharifah Wang,2
Sharifah Wee,4
Sharifah Xu,0
Sharifah Yang,2
Sharifah Yeo,0
Sharifah Yusof,2
Sharifah Zhang,2
Sharifah Zhao,2
Sharifah Zhou,2
Shermaine Abdullah,2
Shermaine Ali,4
Shermaine Chen,2
Shermaine Chong,2
Shermaine Foo,2
Shermaine Gupta,0
Shermaine Hassan,0
Shermaine Heng,0
Shermaine Ho,2
Shermaine Huang,2
Shermaine Ibrahim,4
Shermaine Ismail,0
Shermaine Joshi,0
Shermaine Koh,0
Shermaine Kumar,0
Shermaine Lee,4
Shermaine Lim,2
Shermaine Liu,2
Shermaine Low,2
Shermaine Mehta,4
Shermaine Ng,2
Shermaine Omar,0
Shermaine Ong,4
Shermaine Rahman,4
Shermaine Seow,2
Shermaine Shah,0
Shermaine Sharma,4
Shermaine Sia,0
Shermaine Singh,2
Shermaine Soh,0
Shermaine Tan,4
Shermaine Tay,2
Shermaine Teo,2
Shermaine Wong,4
Shermaine Wu,2
Shermaine Yang,4
Shermaine Yeo,0
Shermaine Zhang,4
Shermaine Zhao,4
Shermaine Zhou,2
Shi Min Foo,1
Shi Min Hassan,1
Shi Min Huang,1
Shi Min Jones,1
Shi Min Joshi,3
Shi Min Koh,1
Shi Min Lim,1
Shi Min Liu,3
Shi Min Mehta,1
Shi Min Miller,3
Shi Min Ng,1
Shi Min Seow,1
Shi Min Singh,1
Shi Min Soh,1
Shi Min Tan,1
Shi Min Williams,1
Shi Min Zhang,1
Shi Min Zhou,1
Shu Wen Abdullah,2
Shu Wen Ahmad,2
Shu Wen Ali,4
Shu Wen Chen,0
Shu Wen Chong,4
Shu Wen Foo,4
Shu Wen Goh,0
Shu Wen Gupta,0
Shu Wen Hassan,2
Shu Wen Heng,4
Shu Wen Ho,0
Shu Wen Huang,0
Shu Wen Ibrahim,4
Shu Wen Ismail,4
Shu Wen Joshi,0
Shu Wen Koh,4
Shu Wen Kumar,4
Shu Wen Lee,4
Shu Wen Lim,0
Shu Wen Liu,2
Shu Wen Low,0
Shu Wen Mehta,4
Shu Wen Ng,4
Shu Wen Omar,2
Shu Wen Ong,0
Shu Wen Patel,0
Shu Wen Rahman,4
Shu Wen Seow,0
Shu Wen Shah,2
Shu Wen Sharma,4
Shu Wen Sia,4
Shu Wen Singh,4
Shu Wen Soh,0
Shu Wen Tan,2
Shu Wen Tay,4
Shu Wen Teo,2
Shu Wen Wang,0
Shu Wen Wee,2
Shu Wen Wong,0
Shu Wen Wu,4
Shu Wen Xu,2
Shu Wen Yang,0
Shu Wen Yeo,2
Shu Wen Zhang,2
Shu Wen Zhao,0
Shu Wen Zhou,4
Si Hui Abdullah,3
Si Hui Brown,1
Si Hui Foo,3
Si Hui Gupta,1
Si Hui Ho,1
Si Hui Huang,3
Si Hui Johnson,1
Si Hui Joshi,3
Si Hui Lee,3
Si Hui Lim,3
Si Hui Low,1
Si Hui Mehta,1
Si Hui Miller,1
Si Hui Ng,1
Si Hui Omar,1
Si Hui Ong,1
Si Hui Rahman,1
Si Hui Shah,1
Si Hui Singh,3
Si Hui Soh,1
Si Hui Teo,1
Si Hui Wang,1
Si Hui Wu,1
Si Hui Yeo,1
Si Hui Zhang,1
Siti Abdullah,2
Siti Ali,2
Siti Chen,0
Siti Chong,2
Siti Foo,0
Siti Goh,2
Siti Gupta,0
Siti Hassan,0
Siti Heng,4
Siti Ho,0
Siti Huang,0
Siti Ibrahim,2
Siti Ismail,4
Siti Joshi,0
Siti Koh,4
Siti Kumar,2
Siti Lee,4
Siti Lim,4
Siti Liu,2
Siti Low,0
Siti Mehta,0
Siti Ng,0
Siti Omar,4
Siti Ong,0
Siti Patel,4
Siti Rahman,2
Siti Seow,0
Siti Shah,0
Siti Sharma,0
Siti Sia,4
Siti Soh,4
Siti Tay,0
Siti Teo,0
Siti Wang,0
Siti Wee,0
Siti Wong,0
Siti Wu,4
Siti Xu,0
Siti Yang,0
Siti Yeo,4
Siti Zhao,4
Siti Zhou,4
Surya Abdullah,2
Surya Ahmad,4
Surya Ali,0
Surya Chen,2
Surya Chong,2
Surya Foo,2
Surya Goh,0
Surya Gupta,4
Surya Hassan,4
Surya Heng,0
Surya Ho,4
Surya Huang,4
Surya Ibrahim,0
Surya Ismail,0
Surya Joshi,0
Surya Kumar,2
Surya Lee,0
Surya Lim,2
Surya Liu,4
Surya Low,0
Surya Nair,0
Surya Ng,0
Surya Omar,2
Surya Ong,4
Surya Patel,0
Surya Raj,0
Surya Seow,0
Surya Sharma,2
Surya Sia,2
Surya Singh,4
Surya Soh,4
Surya Tan,4
Surya Tay,2
Surya Teo,2
Surya Wang,0
Surya Wee,2
Surya Wong,0
Surya Wu,0
Surya Xu,0
Surya Yang,2
Surya Yeo,2
Surya Yusof,4
Surya Zhang,4
Surya Zhao,2
Syafiqah Ahmad,3
Syafiqah Brown,3
Syafiqah Chen,3
Syafiqah Davis,1
Syafiqah Goh,1
Syafiqah Hassan,1
Syafiqah Heng,3
Syafiqah Huang,3
Syafiqah Ibrahim,1
Syafiqah Kumar,1
Syafiqah Lee,3
Syafiqah Low,1
Syafiqah Ong,3
Syafiqah Rahman,3
Syafiqah Soh,1
Syafiqah Teo,3
Syafiqah Yang,3
Syafiqah Zhang,3
Syed Wee,3
Tanveer Chong,1
Tanveer Gupta,1
Tanveer Hassan,1
Tanveer Johnson,1
Tanveer Lim,1
Tanveer Liu,1
Tanveer Miller,3
Tanveer Ng,1
Tanveer Seow,1
Tanveer Shah,1
Tanveer Sia,3
Tanveer Teo,1
Tanveer Williams,1
Tanveer Yang,1
Tanveer Zhang,1
Tanveer Zhao,1
Tanveer Zhou,1
Trisha Rahman,3
Trisha Soh,3
Vikram Abdullah,2
Vikram Ali,4
Vikram Chong,4
Vikram Foo,4
Vikram Goh,2
Vikram Gupta,2
Vikram Hassan,4
Vikram Heng,4
Vikram Huang,4
Vikram Ibrahim,4
Vikram Ismail,0
Vikram Joshi,2
Vikram Koh,2
Vikram Kumar,4
Vikram Lee,2
Vikram Lim,0
Vikram Liu,4
Vikram Mehta,4
Vikram Ng,0
Vikram Omar,2
Vikram Ong,0
Vikram Patel,0
Vikram Rahman,2
Vikram Seow,0
Vikram Shah,4
Vikram Sia,4
Vikram Singh,2
Vikram Soh,0
Vikram Tan,4
Vikram Tay,0
Vikram Teo,0
Vikram Wang,2
Vikram Wee,2
Vikram Wong,0
Vikram Xu,4
Vikram Yang,0
Vikram Zhang,0
Vikram Zhao,0
Vikram Zhou,2
Vivian Wee,3
Wei Jie Abdullah,4
Wei Jie Ahmad,2
Wei Jie Ali,0
Wei Jie Chen,2
Wei Jie Chong,0
Wei Jie Foo,4
Wei Jie Goh,0
Wei Jie Gupta,0
Wei Jie Hassan,0
Wei Jie Heng,4
Wei Jie Ho,4
Wei Jie Huang,0
Wei Jie Ibrahim,4
Wei Jie Ismail,2
Wei Jie Joshi,0
Wei Jie Koh,4
Wei Jie Kumar,0
Wei Jie Lee,4
Wei Jie Lim,2
Wei Jie Liu,4
Wei Jie Low,0
Wei Jie Mehta,4
Wei Jie Nair,0
Wei Jie Omar,4
Wei Jie Ong,2
Wei Jie Patel,2
Wei Jie Rahman,4
Wei Jie Raj,0
Wei Jie Razak,0
Wei Jie Seow,2
Wei Jie Shah,4
Wei Jie Sharma,0
Wei Jie Sia,4
Wei Jie Soh,4
Wei Jie Tan,2
Wei Jie Tay,0
Wei Jie Teo,4
Wei Jie Wang,4
Wei Jie Wee,4
Wei Jie Wong,0
Wei Jie Wu,0
Wei Jie Yang,4
Wei Jie Yeo,4
Wei Jie Yusof,2
Wei Jie Zhang,4
Wei Jie Zhao,0
Wei Jie Zhou,4
Wen Jie Ahmad,2
Wen Jie Ali,0
Wen Jie Chong,0
Wen Jie Foo,4
Wen Jie Goh,2
Wen Jie Gupta,2
Wen Jie Hassan,2
Wen Jie Heng,0
Wen Jie Ho,0
Wen Jie Huang,4
Wen Jie Ismail,2
Wen Jie Joshi,0
Wen Jie Koh,4
Wen Jie Lee,0
Wen Jie Lim,0
Wen Jie Liu,0
Wen Jie Low,0
Wen Jie Mehta,4
Wen Jie Ng,2
Wen Jie Omar,4
Wen Jie Ong,4
Wen Jie Rahman,2
Wen Jie Seow,0
Wen Jie Shah,4
Wen Jie Sia,0
Wen Jie Singh,2
Wen Jie Soh,0
Wen Jie Tay,2
Wen Jie Teo,4
Wen Jie Wang,4
Wen Jie Wee,0
Wen Jie Wong,4
Wen Jie Wu,2
Wen Jie Yang,0
Wen Jie Zhang,0
Wen Jie Zhao,2
Wen Jie Zhou,4
Wen Xin Abdullah,0
Wen Xin Ahmad,4
Wen Xin Ali,4
Wen Xin Chen,0
Wen Xin Chong,0
Wen Xin Foo,2
Wen Xin Goh,4
Wen Xin Gupta,0
Wen Xin Hassan,4
Wen Xin Heng,2
Wen Xin Huang,2
Wen Xin Ibrahim,2
Wen Xin Ismail,0
Wen Xin Joshi,0
Wen Xin Koh,4
Wen Xin Kumar,0
Wen Xin Lee,4
Wen Xin Lim,0
Wen Xin Liu,2
Wen Xin Low,2
Wen Xin Mehta,4
Wen Xin Ng,0
Wen Xin Omar,0
Wen Xin Ong,0
Wen Xin Patel,0
Wen Xin Rahman,2
Wen Xin Seow,2
Wen Xin Shah,4
Wen Xin Sharma,4
Wen Xin Sia,4
Wen Xin Singh,0
Wen Xin Tan,2
Wen Xin Tay,2
Wen Xin Teo,4
Wen Xin Wang,4
Wen Xin Wee,0
Wen Xin Wong,4
Wen Xin Wu,0
Wen Xin Xu,4
Wen Xin Yang,0
Wen Xin Yeo,4
Wen Xin Zhang,4
Wen Xin Zhao,4
Wen Xin Zhou,0
Xiang Yi Ahmad,0
Xiang Yi Chen,0
Xiang Yi Chong,0
Xiang Yi Foo,2
Xiang Yi Goh,0
Xiang Yi Hassan,4
Xiang Yi Heng,4
Xiang Yi Huang,4
Xiang Yi Ismail,4
Xiang Yi Joshi,0
Xiang Yi Koh,4
Xiang Yi Kumar,0
Xiang Yi Lim,2
Xiang Yi Liu,2
Xiang Yi Low,0
Xiang Yi Mehta,0
Xiang Yi Ng,2
Xiang Yi Omar,4
Xiang Yi Ong,4
Xiang Yi Patel,0
Xiang Yi Rahman,4
Xiang Yi Raj,4
Xiang Yi Razak,0
Xiang Yi Shah,0
Xiang Yi Singh,2
Xiang Yi Soh,4
Xiang Yi Tan,4
Xiang Yi Tay,4
Xiang Yi Teo,4
Xiang Yi Wang,4
Xiang Yi Wee,2
Xiang Yi Wong,4
Xiang Yi Wu,2
Xiang Yi Xu,4
Xiang Yi Yang,2
Xiang Yi Yeo,0
Xiang Yi Yusof,0
Xiang Yi Zhao,0
Xiang Yi Zhou,2
Xin Yi Abdullah,0
Xin Yi Ahmad,2
Xin Yi Ali,0
Xin Yi Chen,0
Xin Yi Chong,0
Xin Yi Foo,0
Xin Yi Goh,0
Xin Yi Gupta,4
Xin Yi Heng,0
Xin Yi Ho,4
Xin Yi Huang,2
Xin Yi Ibrahim,0
Xin Yi Ismail,4
Xin Yi Joshi,4
Xin Yi Koh,4
Xin Yi Kumar,0
Xin Yi Lee,4
Xin Yi Lim,0
Xin Yi Liu,4
Xin Yi Low,4
Xin Yi Mehta,0
Xin Yi Ng,0
Xin Yi Omar,2
Xin Yi Ong,0
Xin Yi Patel,0
Xin Yi Rahman,0
Xin Yi Seow,2
Xin Yi Shah,4
Xin Yi Sia,0
Xin Yi Singh,2
Xin Yi Soh,2
Xin Yi Tan,2
Xin Yi Tay,4
Xin Yi Teo,0
Xin Yi Wang,0
Xin Yi Wee,0
Xin Yi Wong,4
Xin Yi Wu,4
Xin Yi Xu,0
Xin Yi Yang,0
Xin Yi Yeo,4
Xin Yi Zhang,0
Xin Yi Zhao,0
Xin Yi Zhou,0
Xue Ting Ahmad,3
Xue Ting Lee,3
Xue Ting Mehta,3
Xue Ting Patel,3
Xue Ting Xu,3
Yong Hao Ahmad,0
Yong Hao Ali,0
Yong Hao Chen,0
Yong Hao Chong,4
Yong Hao Foo,0
Yong Hao Goh,4
Yong Hao Hassan,4
Yong Hao Ho,0
Yong Hao Ismail,0
Yong Hao Joshi,0
Yong Hao Koh,0
Yong Hao Kumar,2
Yong Hao Lee,4
Yong Hao Liu,4
Yong Hao Low,2
Yong Hao Mehta,2
Yong Hao Ng,0
Yong Hao Patel,2
Yong Hao Rahman,0
Yong Hao Raj,4
Yong Hao Razak,4
Yong Hao Seow,2
Yong Hao Sharma,0
Yong Hao Sia,0
Yong Hao Soh,4
Yong Hao Tan,4
Yong Hao Tay,2
Yong Hao Teo,0
Yong Hao Wang,0
Yong Hao Wee,2
Yong Hao Wong,4
Yong Hao Wu,4
Yong Hao Yang,2
Yong Hao Yeo,0
Yong Hao Yusof,0
Yong Hao Zhang,2
Yong Hao Zhao,0
Yong Kang Abdullah,0
Yong Kang Ahmad,2
Yong Kang Ali,0
Yong Kang Chen,4
Yong Kang Chong,4
Yong Kang Foo,0
Yong Kang Goh,2
Yong Kang Gupta,2
Yong Kang Hassan,2
Yong Kang Heng,4
Yong Kang Ho,0
Yong Kang Huang,0
Yong Kang Ibrahim,4
Yong Kang Ismail,0
Yong Kang Joshi,2
Yong Kang Koh,4
Yong Kang Kumar,0
Yong Kang Lee,0
Yong Kang Lim,4
Yong Kang Liu,4
Yong Kang Low,4
Yong Kang Mehta,4
Yong Kang Ng,2
Yong Kang Omar,0
Yong Kang Ong,0
Yong Kang Patel,2
Yong Kang Seow,2
Yong Kang Shah,0
Yong Kang Sharma,0
Yong Kang Sia,4
Yong Kang Singh,2
Yong Kang Soh,0
Yong Kang Tan,0
Yong Kang Tay,0
Yong Kang Wang,0
Yong Kang Wee,0
Yong Kang Wu,2
Yong Kang Xu,4
Yong Kang Yang,0
Yong Kang Yeo,4
Yong Kang Zhang,4
Yong Kang Zhao,2
Yong Kang Zhou,2
Yu Heng Ahmad,0
Yu Heng Ali,4
Yu Heng Chen,0
Yu Heng Foo,0
Yu Heng Gupta,4
Yu Heng Hassan,2
Yu Heng Heng,0
Yu Heng Ho,2
Yu Heng Ibrahim,0
Yu Heng Ismail,0
Yu Heng Koh,0
Yu Heng Kumar,4
Yu Heng Lee,4
Yu Heng Lim,4
Yu Heng Liu,4
Yu Heng Low,2
Yu Heng Mehta,0
Yu Heng Ng,0
Yu Heng Ong,0
Yu Heng Patel,0
Yu Heng Rahman,0
Yu Heng Raj,2
Yu Heng Razak,2
Yu Heng Seow,0
Yu Heng Shah,4
Yu Heng Sharma,2
Yu Heng Sia,2
Yu Heng Singh,2
Yu Heng Soh,0
Yu Heng Tan,0
Yu Heng Tay,2
Yu Heng Teo,4
Yu Heng Wang,4
Yu Heng Wee,4
Yu Heng Wong,4
Yu Heng Wu,0
Yu Heng Xu,2
Yu Heng Yang,0
Yu Heng Yeo,2
Yu Heng Yusof,0
Yu Heng Zhang,0
Yu Heng Zhou,0
Yue Xin Ahmad,3
Yue Xin Kumar,3
Yue Xin Patel,3
Yue Xin Wee,3
Yun Zhen Abdullah,4
Yun Zhen Ahmad,2
Yun Zhen Ali,0
Yun Zhen Chen,2
Yun Zhen Chong,4
Yun Zhen Foo,4
Yun Zhen Goh,4
Yun Zhen Gupta,4
Yun Zhen Hassan,2
Yun Zhen Heng,2
Yun Zhen Ho,0
Yun Zhen Huang,0
Yun Zhen Ibrahim,2
Yun Zhen Ismail,0
Yun Zhen Joshi,4
Yun Zhen Koh,2
Yun Zhen Lee,0
Yun Zhen Lim,2
Yun Zhen Liu,0
Yun Zhen Low,4
Yun Zhen Mehta,2
Yun Zhen Ng,0
Yun Zhen Omar,0
Yun Zhen Ong,0
Yun Zhen Patel,0
Yun Zhen Rahman,4
Yun Zhen Seow,0
Yun Zhen Sharma,0
Yun Zhen Sia,4
Yun Zhen Singh,0
Yun Zhen Soh,2
Yun Zhen Tan,4
Yun Zhen Tay,0
Yun Zhen Teo,2
Yun Zhen Wang,0
Yun Zhen Wee,4
Yun Zhen Wong,4
Yun Zhen Wu,0
Yun Zhen Xu,0
Yun Zhen Yang,0
Yun Zhen Zhang,2
Yun Zhen Zhou,2
Zainab Gupta,3
Zainab Omar,3
Zainab Patel,3
Zainab Sharma,3
Zainab Tan,3
Zainab Teo,3
Zainab Wong,3
Zainab Zhou,3
Zara Abdullah,2
Zara Ahmad,4
Zara Ali,2
Zara Chen,2
Zara Chong,0
Zara Foo,2
Zara Goh,2
Zara Gupta,2
Zara Hassan,0
Zara Heng,4
Zara Ho,2
Zara Huang,0
Zara Ibrahim,2
Zara Ismail,2
Zara Joshi,4
Zara Koh,0
Zara Kumar,4
Zara Lee,0
Zara Lim,4
Zara Liu,0
Zara Mehta,4
Zara Ng,0
Zara Omar,0
Zara Ong,4
Zara Patel,4
Zara Rahman,4
Zara Seow,0
Zara Sharma,2
Zara Sia,2
Zara Singh,2
Zara Soh,0
Zara Tay,4
Zara Teo,4
Zara Wang,4
Zara Wee,4
Zara Wong,4
Zara Wu,2
Zara Yang,0
Zara Yeo,2
Zara Zhang,2
Zara Zhao,2
Zara Zhou,0
Zhen Yi Ahmad,1
Zhen Yi Ali,3
Zhen Yi Chong,1
Zhen Yi Gupta,1
Zhen Yi Heng,3
Zhen Yi Johnson,3
Zhen Yi Jones,1
Zhen Yi Lee,1
Zhen Yi Liu,3
Zhen Yi Miller,3
Zhen Yi Ong,3
Zhen Yi Patel,1
Zhen Yi Rahman,1
Zhen Yi Seow,1
Zhen Yi Sharma,1
Zhen Yi Smith,1
Zhen Yi Tan,1
Zhen Yi Teo,3
Zhen Yi Wang,1
Zhen Yi Wee,3
Zhen Yi Williams,1
Zhen Yi Zhao,1
Zheng Kai Abdullah,0
Zheng Kai Ahmad,0
Zheng Kai Chen,0
Zheng Kai Chong,0
Zheng Kai Foo,4
Zheng Kai Gupta,4
Zheng Kai Hassan,0
Zheng Kai Heng,4
Zheng Kai Ho,0
Zheng Kai Ibrahim,4
Zheng Kai Ismail,0
Zheng Kai Joshi,2
Zheng Kai Kumar,2
Zheng Kai Lim,2
Zheng Kai Liu,4
Zheng Kai Mehta,0
Zheng Kai Nair,0
Zheng Kai Ng,2
Zheng Kai Omar,2
Zheng Kai Ong,4
Zheng Kai Patel,4
Zheng Kai Rahman,4
Zheng Kai Raj,2
Zheng Kai Razak,2
Zheng Kai Seow,4
Zheng Kai Shah,0
Zheng Kai Sharma,2
Zheng Kai Sia,0
Zheng Kai Soh,0
Zheng Kai Tay,0
Zheng Kai Teo,0
Zheng Kai Wee,2
Zheng Kai Xu,4
Zheng Kai Yang,0
Zheng Kai Yeo,4
Zheng Kai Yusof,2
Zheng Kai Zhang,0
Zheng Kai Zhao,4
Zhi Hao Abdullah,2
Zhi Hao Ahmad,2
Zhi Hao Chen,4
Zhi Hao Chong,0
Zhi Hao Foo,4
Zhi Hao Goh,2
Zhi Hao Gupta,2
Zhi Hao Hassan,0
Zhi Hao Heng,0
Zhi Hao Ho,0
Zhi Hao Huang,0
Zhi Hao Ibrahim,4
Zhi Hao Ismail,2
Zhi Hao Joshi,0
Zhi Hao Koh,0
Zhi Hao Kumar,2
Zhi Hao Lee,0
Zhi Hao Liu,2
Zhi Hao Low,0
Zhi Hao Mehta,2
Zhi Hao Ng,4
Zhi Hao Omar,2
Zhi Hao Ong,2
Zhi Hao Patel,0
Zhi Hao Rahman,0
Zhi Hao Seow,2
Zhi Hao Shah,0
Zhi Hao Sharma,4
Zhi Hao Sia,0
Zhi Hao Singh,2
Zhi Hao Soh,4
Zhi Hao Tan,4
Zhi Hao Tay,0
Zhi Hao Teo,2
Zhi Hao Wang,0
Zhi Hao Wee,0
Zhi Hao Wong,0
Zhi Hao Wu,0
Zhi Hao Xu,0
Zhi Hao Yang,0
Zhi Hao Yeo,0
Zhi Hao Zhang,4
Zhi Hao Zhao,4
Zhi Hao Zhou,4
Zhi Xuan Abdullah,2
Zhi Xuan Ahmad,2
Zhi Xuan Ali,2
Zhi Xuan Chen,4
Zhi Xuan Foo,0
Zhi Xuan Goh,0
Zhi Xuan Gupta,4
Zhi Xuan Heng,2
Zhi Xuan Ho,0
Zhi Xuan Huang,4
Zhi Xuan Ismail,0
Zhi Xuan Joshi,2
Zhi Xuan Koh,2
Zhi Xuan Kumar,2
Zhi Xuan Lee,4
Zhi Xuan Lim,4
Zhi Xuan Liu,4
Zhi Xuan Low,4
Zhi Xuan Mehta,0
Zhi Xuan Nair,0
Zhi Xuan Omar,0
Zhi Xuan Ong,2
Zhi Xuan Patel,4
Zhi Xuan Rahman,0
Zhi Xuan Raj,4
Zhi Xuan Razak,4
Zhi Xuan Seow,0
Zhi Xuan Shah,0
Zhi Xuan Sharma,0
Zhi Xuan Sia,2
Zhi Xuan Singh,2
Zhi Xuan Soh,2
Zhi Xuan Tay,4
Zhi Xuan Teo,0
Zhi Xuan Wang,2
Zhi Xuan Wee,2
Zhi Xuan Wong,0
Zhi Xuan Wu,4
Zhi Xuan Xu,4
Zhi Xuan Yang,2
Zhi Xuan Yusof,4
Zhi Xuan Zhang,0
Zhi Xuan Zhao,0
Zhi Xuan Zhou,2
Zi Ying Ahmad,0
Zi Ying Ali,2
Zi Ying Chen,4
Zi Ying Chong,0
Zi Ying Foo,2
Zi Ying Goh,0
Zi Ying Gupta,4
Zi Ying Hassan,2
Zi Ying Heng,4
Zi Ying Ho,4
Zi Ying Huang,4
Zi Ying Ismail,2
Zi Ying Joshi,2
Zi Ying Koh,0
Zi Ying Kumar,0
Zi Ying Lee,4
Zi Ying Lim,0
Zi Ying Liu,4
Zi Ying Low,2
Zi Ying Mehta,2
Zi Ying Ng,0
Zi Ying Omar,0
Zi Ying Ong,0
Zi Ying Patel,0
Zi Ying Rahman,0
Zi Ying Seow,2
Zi Ying Shah,4
Zi Ying Sharma,2
Zi Ying Singh,0
Zi Ying Soh,0
Zi Ying Tan,4
Zi Ying Wang,2
Zi Ying Wee,2
Zi Ying Wong,2
Zi Ying Wu,4
Zi Ying Yang,2
Zi Ying Yeo,2
Zi Ying Zhang,0
Zi Ying Zhao,0
Zi Ying Zhou,0
Zulkifli Ahmad,1
Zulkifli Brown,3
Zulkifli Foo,1
Zulkifli Heng,1
Zulkifli Ho,1
Zulkifli Ismail,3
Zulkifli Jones,1
Zulkifli Mehta,1
Zulkifli Miller,3
Zulkifli Ng,1
Zulkifli Ong,1
Zulkifli Patel,3
Zulkifli Seow,1
Zulkifli Singh,1
Zulkifli Smith,1
Zulkifli Tan,1
Zulkifli Tay,1
Zulkifli Wang,1
Zulkifli Wong,1
Zulkifli Yang,1
Zulkifli Yeo,1
Zulkifli Zhao,1
Zulkifli Zhou,3
